<dependencies>
    <!-- SQLITE API with dependency -->
    <dependency>
        <groupId>org.xerial</groupId>
        <artifactId>sqlite-jdbc</artifactId>
        <version>3.46.1.0</version>
    </dependency>
  
    <!-- Log4j 2 Core -->
    <dependency>
        <groupId>org.apache.logging.log4j</groupId>
        <artifactId>log4j-core</artifactId>
        <version>2.20.0</version>
    </dependency>

    <!-- Apache Ignite Core -->
    <dependency>
        <groupId>org.apache.ignite</groupId>
        <artifactId>ignite-core</artifactId>
        <version>2.16.0</version>
    </dependency>

    <dependency>
        <groupId>redis.clients</groupId>
        <artifactId>jedis</artifactId>
        <version>4.4.3</version>
    </dependency>
</dependencies>


