<?xml version="1.0" encoding="UTF-8"?>
<!DOCTYPE beans PUBLIC "-//SPRING//DTD BEAN 2.0//EN"
	"http://www.springframework.org/dtd/spring-beans-2.0.dtd">

<beans>

<!-- DriverManagerDataSource
Returns a new connection every time that a connection is requested. -->

<bean id="dmds" class="org.springframework.jdbc.datasource.DriverManagerDataSource">
	<property name="driverClassName" value="org.h2.Driver"/>
	<property name="url" value="jdbc:h2:mydb"/>
	<property name="username" value="sa"/>
	<property name="password" value="sa"/>
</bean>

<!--  SingleConnectionDataSource
Returns the same connection every time that a connection is requested. -->

<bean id="scds" class="org.springframework.jdbc.datasource.SingleConnectionDataSource">
	<property name="driverClassName" value="org.h2.Driver"/>
	<property name="url" value="jdbc:h2:mydb"/>
	<property name="username" value="sa"/>
	<property name="password" value="sa"/>
</bean>

<!--  Common Db Connection Pool -->

<bean id="dbcpds" class="org.apache.commons.dbcp.BasicDataSource">
	<property name="driverClassName" value="org.h2.Driver"/>
	<property name="url" value="jdbc:h2:mydb"/>
	<property name="username" value="sa"/>
	<property name="password" value="sa"/>
	<property name="initialSize" value="5"/>
	<property name="maxActive" value="10"/>
</bean>

</beans>
