<?xml version="1.0" encoding="UTF-8"?>
<persistence xmlns="http://xmlns.jcp.org/xml/ns/persistence"
             xmlns:xsi="http://www.w3.org/2001/XMLSchema-instance"
             xsi:schemaLocation="http://xmlns.jcp.org/xml/ns/persistence http://xmlns.jcp.org/xml/ns/persistence/persistence_2_2.xsd"
             version="2.2">

    <persistence-unit name="myUnit" transaction-type="JTA">
        <jta-data-source>java:openejb/Resource/jdbc/MyDs</jta-data-source>
        <class>com.mycomp.jpa.Student</class>
        <properties>
            <property name="openjpa.Log" value="DefaultLevel=WARN, Tool=INFO"/>
            <property name="openjpa.jdbc.SynchronizeMappings" value="buildSchema(ForeignKeys=true)"/>
            <!-- Other OpenJPA-specific properties -->
        </properties>
    </persistence-unit>

</persistence>
