<?xml version="1.0" encoding="UTF-8"?>
<!DOCTYPE beans PUBLIC "-//SPRING//DTD BEAN 2.0//EN"
	"http://www.springframework.org/dtd/spring-beans-2.0.dtd">

<beans>

<bean id="myhello" class="mybeans.HelloBean"/>
<bean name="/hello.htm" class="myctl.HelloController">
	<property name="helloBean" ref="myhello"/>
</bean>
<bean id="viewResolver" class="org.springframework.web.servlet.view.InternalResourceViewResolver">
	<property name="prefix">
		<value>/WEB-INF/myjsp/</value>
	</property>
	<property name="suffix">
		<value>.jsp</value>
	</property>
</bean>

</beans>