<?xml version="1.0" encoding="ISO-8859-1" ?>

<!DOCTYPE struts-config PUBLIC
          "-//Apache Software Foundation//DTD Struts Configuration 1.2//EN"
          "http://jakarta.apache.org/struts/dtds/struts-config_1_2.dtd">

<struts-config>
	<form-beans>
		<form-bean name="helloForm" type="beans.HelloForm"/>
	</form-beans>
	<global-forwards>
        	<forward name="welcome" path="/Welcome.do"/>
	</global-forwards>

	<action-mappings>
		<action path="/Welcome" forward="/hello.jsp"/>
		<action	path="/submitHelloForm"
			type="actions.HelloAction"
			name="helloForm"
			validate="false"
			input="/hello.jsp">
			<forward name="success" path="/success.jsp"/>
			<forward name="failure" path="/failure.jsp"/>
			<forward name="cancel" path="/hello.jsp"/>
		</action>
	</action-mappings>

	<controller
		processorClass="org.apache.struts.tiles.TilesRequestProcessor"/>

	<message-resources parameter="MessageResources" />

	<plug-in className="org.apache.struts.tiles.TilesPlugin" >
		<set-property property="definitions-config"
			value="/WEB-INF/tiles-defs.xml" />
		<set-property property="moduleAware" value="true" />
	</plug-in>
</struts-config>

