<?xml version="1.0" encoding="UTF-8"?>
<faces-config version="1.2" xmlns="http://java.sun.com/xml/ns/javaee"
 xmlns:xi="http://www.w3.org/2001/XInclude"
 xmlns:xsi="http://www.w3.org/2001/XMLSchema-instance"
 xsi:schemaLocation="http://java.sun.com/xml/ns/javaee http://java.sun.com/xml/ns/javaee/web-facesconfig_1_2.xsd">

	<navigation-rule>
		<from-view-id>/Greeting.jsp</from-view-id>
		<navigation-case>
			<from-outcome>hello</from-outcome>
			<to-view-id>/WEB-INF/mypages/Hello.jsp</to-view-id>
		</navigation-case>
		<navigation-case>
			<from-outcome>john</from-outcome>
			<to-view-id>/WEB-INF/mypages/Hi.jsp</to-view-id>
		</navigation-case>
		<navigation-case>
			<from-outcome>notJohn</from-outcome>
			<to-view-id>/WEB-INF/mypages/Hello.jsp</to-view-id>
		</navigation-case>
	</navigation-rule>

	<managed-bean>
		<managed-bean-name>mybean</managed-bean-name>
		<managed-bean-class>MyBean</managed-bean-class>
		<managed-bean-scope>session</managed-bean-scope>
	</managed-bean>

</faces-config>
